series,time_s,pressure_atm
measured,0.1117,139.41
measured,0.1117,135.14
measured,0.1117,128.73
measured,0.1117,122.56
measured,0.1117,118.06
measured,0.1117,115.45
measured,0.1117,109.99
measured,0.1117,103.58
measured,0.1117,97.29
measured,0.1358,138.82
measured,0.1647,132.53
measured,0.1647,126.12
measured,0.1647,121.02
measured,0.1840,118.41
measured,0.1984,113.55
measured,0.2129,109.99
measured,0.2322,107.02
measured,0.2611,101.33
measured,0.2756,100.97
measured,0.3190,96.58
measured,0.3334,95.75
measured,0.3479,94.68
measured,0.3623,94.33
measured,0.3768,92.90
measured,0.4395,90.17
measured,0.4539,89.82
measured,0.5311,86.62
measured,0.5311,86.62
measured,0.5600,85.90
measured,0.5745,85.55
measured,0.5889,84.36
measured,0.5889,84.36
measured,0.6178,83.53
measured,0.7142,80.68
measured,0.7142,80.68
measured,0.8010,78.43
measured,0.8010,78.43
measured,0.8299,77.60
measured,0.8444,77.60
measured,0.8878,76.89
measured,0.8878,76.89
measured,0.9504,75.46
measured,0.9504,75.46
measured,1.0710,74.04
measured,1.1288,73.33
measured,1.1288,73.33
measured,1.1577,72.50
measured,1.1577,72.50
measured,1.2831,70.95
measured,1.2831,70.95
measured,1.3265,68.11
measured,1.3699,70.24
measured,1.3843,70.24
measured,1.4325,68.11
measured,1.4325,68.11
measured,1.4470,69.89
measured,1.4952,69.53
measured,1.5531,69.53
measured,1.5531,69.53
measured,1.6254,68.82
measured,1.6398,70.95
measured,1.6736,71.67
measured,1.7363,68.82
measured,1.7507,68.11
measured,1.7652,68.11
measured,1.7941,68.11
measured,1.9773,68.11
measured,2.0062,67.39
measured,2.1268,68.11
measured,2.3774,68.11
measured,2.5317,68.11
measured,2.5462,68.11
measured,2.5606,68.11
measured,2.5895,68.11
measured,2.7293,66.56
measured,2.7293,66.56
measured,2.8161,64.31
measured,2.8161,64.31
measured,2.8450,63.60
measured,2.8595,63.24
measured,2.8740,62.17
measured,2.8740,62.17
measured,2.9077,61.46
measured,2.9415,59.09
measured,2.9704,58.38
measured,3.0138,55.17
measured,3.0282,53.28
measured,3.0282,52.45
measured,3.0572,51.38
measured,3.0861,47.23
measured,3.0861,47.23
measured,3.1488,42.84
measured,3.1632,41.77
measured,3.1825,39.87
measured,3.2259,35.84
measured,3.2403,34.65
measured,3.2693,31.09
measured,3.2693,31.09
measured,3.2982,29.55
measured,3.2982,28.72
measured,3.3271,28.00
measured,3.3560,24.45
measured,3.3560,24.45
measured,3.4332,21.00
measured,3.4525,19.58
measured,3.4525,19.22
measured,3.4814,18.04
measured,3.4814,17.68
measured,3.5392,14.72
measured,3.5392,14.72
measured,3.6260,11.75
measured,3.6453,11.39
measured,3.6598,10.21
measured,3.6598,10.21
measured,3.6935,9.50
measured,3.6935,9.50
measured,3.7224,8.78
measured,3.7803,7.36
measured,3.8092,6.65
measured,3.9008,4.99
measured,3.9008,4.99
measured,3.9153,4.99
measured,3.9490,4.99
measured,3.9924,4.28
measured,4.7010,7.36
simulated_0d_strand_rate,0.1213,52.09
simulated_0d_strand_rate,0.1213,43.31
simulated_0d_strand_rate,0.1502,43.31
simulated_0d_strand_rate,0.1502,42.60
simulated_0d_strand_rate,0.1791,42.60
simulated_0d_strand_rate,0.1791,43.31
simulated_0d_strand_rate,0.2755,43.31
simulated_0d_strand_rate,0.2755,44.02
simulated_0d_strand_rate,0.3623,44.02
simulated_0d_strand_rate,0.3623,44.73
simulated_0d_strand_rate,0.4877,44.73
simulated_0d_strand_rate,0.4877,45.44
simulated_0d_strand_rate,0.5744,45.44
simulated_0d_strand_rate,0.5744,46.16
simulated_0d_strand_rate,0.6612,46.16
simulated_0d_strand_rate,0.6612,46.87
simulated_0d_strand_rate,0.7576,46.87
simulated_0d_strand_rate,0.7576,47.58
simulated_0d_strand_rate,0.8444,47.58
simulated_0d_strand_rate,0.8444,48.53
simulated_0d_strand_rate,1.5675,48.53
simulated_0d_strand_rate,1.5675,47.58
simulated_0d_strand_rate,2.2039,47.58
simulated_0d_strand_rate,2.2039,48.53
simulated_0d_strand_rate,2.3774,48.53
simulated_0d_strand_rate,2.3774,49.24
simulated_0d_strand_rate,2.5317,49.24
simulated_0d_strand_rate,2.5606,49.95
simulated_0d_strand_rate,2.7149,49.95
simulated_0d_strand_rate,2.7149,50.67
simulated_0d_strand_rate,2.8595,50.67
simulated_0d_strand_rate,2.8595,51.38
simulated_0d_strand_rate,3.0138,51.38
simulated_0d_strand_rate,3.0427,52.09
simulated_0d_strand_rate,3.2548,52.09
simulated_0d_strand_rate,3.2838,52.80
simulated_0d_strand_rate,3.3994,52.80
simulated_0d_strand_rate,3.3994,53.51
simulated_0d_strand_rate,3.4959,53.51
simulated_0d_strand_rate,3.5248,54.46
simulated_0d_strand_rate,3.6405,54.46
simulated_0d_strand_rate,3.6405,55.17
simulated_0d_strand_rate,3.7658,55.17
simulated_0d_strand_rate,3.7658,55.89
simulated_0d_strand_rate,3.8815,55.89
simulated_0d_strand_rate,3.8815,56.60
simulated_0d_strand_rate,3.9779,56.60
simulated_0d_strand_rate,4.0069,57.31
simulated_0d_strand_rate,4.0936,57.31
simulated_0d_strand_rate,4.0936,58.02
simulated_0d_strand_rate,4.1900,58.02
simulated_0d_strand_rate,4.2190,58.73
simulated_0d_strand_rate,4.3057,58.73
simulated_0d_strand_rate,4.3057,59.45
simulated_0d_strand_rate,4.4310,59.45
simulated_0d_strand_rate,4.4310,60.16
simulated_0d_strand_rate,4.6046,60.16
simulated_0d_strand_rate,4.6046,61.11
simulated_0d_strand_rate,4.7299,61.11
simulated_0d_strand_rate,4.7299,60.16
simulated_0d_strand_rate,4.8167,60.16
simulated_0d_strand_rate,4.8167,59.45
simulated_0d_strand_rate,4.8746,59.45
simulated_0d_strand_rate,4.8746,58.73
simulated_0d_strand_rate,4.9421,58.73
simulated_0d_strand_rate,4.9421,58.02
simulated_0d_strand_rate,4.9710,58.02
simulated_0d_strand_rate,4.9710,57.31
simulated_0d_strand_rate,4.9999,57.31
simulated_0d_strand_rate,4.9999,56.60
simulated_0d_strand_rate,5.0288,56.60
simulated_0d_strand_rate,5.0288,55.89
simulated_0d_strand_rate,5.0578,55.89
simulated_0d_strand_rate,5.0578,55.17
simulated_0d_strand_rate,5.0867,55.17
simulated_0d_strand_rate,5.0867,54.46
simulated_0d_strand_rate,5.1156,54.46
simulated_0d_strand_rate,5.1156,53.51
simulated_0d_strand_rate,5.1542,53.51
simulated_0d_strand_rate,5.1542,52.80
simulated_0d_strand_rate,5.1831,52.09
simulated_0d_strand_rate,5.1831,51.38
simulated_0d_strand_rate,5.2120,51.38
simulated_0d_strand_rate,5.2120,50.67
simulated_0d_strand_rate,5.2409,49.95
simulated_0d_strand_rate,5.2409,49.24
simulated_0d_strand_rate,5.2699,49.24
simulated_0d_strand_rate,5.2699,47.58
simulated_0d_strand_rate,5.2988,47.58
simulated_0d_strand_rate,5.2988,46.87
simulated_0d_strand_rate,5.3277,46.87
simulated_0d_strand_rate,5.3277,45.44
simulated_0d_strand_rate,5.3567,45.44
simulated_0d_strand_rate,5.3567,44.73
simulated_0d_strand_rate,5.3952,44.02
simulated_0d_strand_rate,5.3952,43.31
simulated_0d_strand_rate,5.4241,43.31
simulated_0d_strand_rate,5.4241,41.65
simulated_0d_strand_rate,5.4531,41.65
simulated_0d_strand_rate,5.4531,40.94
simulated_0d_strand_rate,5.4820,40.22
simulated_0d_strand_rate,5.4820,39.51
simulated_0d_strand_rate,5.5109,39.51
simulated_0d_strand_rate,5.5109,38.09
simulated_0d_strand_rate,5.5398,38.09
simulated_0d_strand_rate,5.5398,36.67
simulated_0d_strand_rate,5.5687,36.67
simulated_0d_strand_rate,5.5687,35.72
simulated_0d_strand_rate,5.5977,35.01
simulated_0d_strand_rate,5.5977,34.29
simulated_0d_strand_rate,5.6362,34.29
simulated_0d_strand_rate,5.6362,32.16
simulated_0d_strand_rate,5.6652,32.16
simulated_0d_strand_rate,5.6652,31.45
simulated_0d_strand_rate,5.6941,30.73
simulated_0d_strand_rate,5.6941,30.02
simulated_0d_strand_rate,5.7230,30.02
simulated_0d_strand_rate,5.7230,28.36
simulated_0d_strand_rate,5.7519,28.36
simulated_0d_strand_rate,5.7519,26.94
simulated_0d_strand_rate,5.7809,26.94
simulated_0d_strand_rate,5.7809,26.22
simulated_0d_strand_rate,5.8098,25.51
simulated_0d_strand_rate,5.8098,24.80
simulated_0d_strand_rate,5.8387,24.80
simulated_0d_strand_rate,5.8387,23.14
simulated_0d_strand_rate,5.8676,23.14
simulated_0d_strand_rate,5.8676,22.43
simulated_0d_strand_rate,5.9062,22.43
simulated_0d_strand_rate,5.9062,21.01
simulated_0d_strand_rate,5.9351,21.01
simulated_0d_strand_rate,5.9351,20.29
simulated_0d_strand_rate,5.9641,20.29
simulated_0d_strand_rate,5.9641,19.58
simulated_0d_strand_rate,5.9930,18.87
simulated_0d_strand_rate,5.9930,18.16
simulated_0d_strand_rate,6.0220,18.16
simulated_0d_strand_rate,6.0220,17.21
simulated_0d_strand_rate,6.0509,17.21
simulated_0d_strand_rate,6.0509,16.50
simulated_0d_strand_rate,6.0798,16.50
simulated_0d_strand_rate,6.0798,15.78
simulated_0d_strand_rate,6.1087,15.78
simulated_0d_strand_rate,6.1087,15.07
simulated_0d_strand_rate,6.1472,15.07
simulated_0d_strand_rate,6.1472,14.36
simulated_0d_strand_rate,6.1762,14.36
simulated_0d_strand_rate,6.1762,13.65
simulated_0d_strand_rate,6.2051,13.65
simulated_0d_strand_rate,6.2051,12.94
simulated_0d_strand_rate,6.2340,12.94
simulated_0d_strand_rate,6.2340,12.22
simulated_0d_strand_rate,6.2919,12.22
simulated_0d_strand_rate,6.2919,11.28
simulated_0d_strand_rate,6.3208,11.28
simulated_0d_strand_rate,6.3208,10.56
simulated_0d_strand_rate,6.3883,10.56
simulated_0d_strand_rate,6.3883,9.85
simulated_0d_strand_rate,6.4461,9.85
simulated_0d_strand_rate,6.4461,9.14
simulated_0d_strand_rate,6.5040,9.14
simulated_0d_strand_rate,6.5040,8.43
simulated_0d_strand_rate,6.5619,8.43
simulated_0d_strand_rate,6.5619,7.72
simulated_0d_strand_rate,6.6583,7.72
simulated_0d_strand_rate,6.6583,7.00
simulated_0d_strand_rate,6.7451,7.00
simulated_0d_strand_rate,6.7451,6.29
simulated_0d_strand_rate,6.8704,6.29
simulated_0d_strand_rate,6.8993,5.34
simulated_0d_strand_rate,7.1018,5.34
simulated_0d_strand_rate,7.1018,4.63
simulated_0d_strand_rate,7.1982,4.63
simulated_0d_strand_rate,7.1982,3.92
simulated_0d_strand_rate,7.2561,3.92
simulated_0d_strand_rate,7.2561,3.21
simulated_0d_strand_rate,7.3428,3.21
simulated_0d_strand_rate,7.3428,2.50
simulated_0d_strand_rate,7.4392,2.50
simulated_0d_modified_rate,0.1358,58.73
simulated_0d_modified_rate,0.1984,59.09
simulated_0d_modified_rate,0.2322,59.80
simulated_0d_modified_rate,0.2900,61.46
simulated_0d_modified_rate,0.3190,62.17
simulated_0d_modified_rate,0.4057,63.60
simulated_0d_modified_rate,0.4057,63.60
simulated_0d_modified_rate,0.5021,65.02
simulated_0d_modified_rate,0.5311,65.73
simulated_0d_modified_rate,0.6323,67.39
simulated_0d_modified_rate,0.7721,67.39
simulated_0d_modified_rate,0.7721,67.39
simulated_0d_modified_rate,0.8734,67.39
simulated_0d_modified_rate,0.9842,66.56
simulated_0d_modified_rate,1.0131,67.39
simulated_0d_modified_rate,1.0999,67.39
simulated_0d_modified_rate,1.1288,66.56
simulated_0d_modified_rate,1.1915,66.56
simulated_0d_modified_rate,1.1915,66.56
simulated_0d_modified_rate,1.3265,68.11
simulated_0d_modified_rate,1.3699,70.24
simulated_0d_modified_rate,1.3843,70.24
simulated_0d_modified_rate,1.4325,68.11
simulated_0d_modified_rate,1.4325,68.11
simulated_0d_modified_rate,1.4470,69.89
simulated_0d_modified_rate,1.4952,69.53
simulated_0d_modified_rate,1.5531,69.53
simulated_0d_modified_rate,1.5531,69.53
simulated_0d_modified_rate,1.6254,68.82
simulated_0d_modified_rate,1.6398,70.95
simulated_0d_modified_rate,1.6736,71.67
simulated_0d_modified_rate,1.7652,72.50
simulated_0d_modified_rate,1.7941,73.33
simulated_0d_modified_rate,1.9001,74.75
simulated_0d_modified_rate,2.0062,76.17
simulated_0d_modified_rate,2.0062,76.17
simulated_0d_modified_rate,2.0930,77.60
simulated_0d_modified_rate,2.1219,78.43
simulated_0d_modified_rate,2.2183,79.97
simulated_0d_modified_rate,2.2473,80.68
simulated_0d_modified_rate,2.3341,82.11
simulated_0d_modified_rate,2.3341,82.11
simulated_0d_modified_rate,2.4256,83.53
simulated_0d_modified_rate,2.4594,84.36
simulated_0d_modified_rate,2.5172,85.90
simulated_0d_modified_rate,2.5462,86.62
simulated_0d_modified_rate,2.6329,88.04
simulated_0d_modified_rate,2.6329,88.04
simulated_0d_modified_rate,2.7293,90.17
simulated_0d_modified_rate,2.7293,90.17
simulated_0d_modified_rate,2.8306,92.55
simulated_0d_modified_rate,2.9077,93.97
simulated_0d_modified_rate,2.9415,94.68
simulated_0d_modified_rate,3.0427,96.11
simulated_0d_modified_rate,3.1150,93.97
simulated_0d_modified_rate,3.1488,93.26
simulated_0d_modified_rate,3.1825,91.00
simulated_0d_modified_rate,3.2114,90.17
simulated_0d_modified_rate,3.2403,86.97
simulated_0d_modified_rate,3.2693,83.53
simulated_0d_modified_rate,3.2693,83.53
simulated_0d_modified_rate,3.2982,80.68
simulated_0d_modified_rate,3.3271,79.97
simulated_0d_modified_rate,3.3560,76.53
simulated_0d_modified_rate,3.3850,72.85
simulated_0d_modified_rate,3.4187,69.17
simulated_0d_modified_rate,3.4525,65.38
simulated_0d_modified_rate,3.4814,61.82
simulated_0d_modified_rate,3.5103,58.02
simulated_0d_modified_rate,3.5392,54.82
simulated_0d_modified_rate,3.5392,54.82
simulated_0d_modified_rate,3.5681,51.02
simulated_0d_modified_rate,3.5681,51.02
simulated_0d_modified_rate,3.5971,48.05
simulated_0d_modified_rate,3.6260,47.23
simulated_0d_modified_rate,3.6260,44.38
simulated_0d_modified_rate,3.6598,43.67
simulated_0d_modified_rate,3.6935,40.23
simulated_0d_modified_rate,3.7224,36.55
simulated_0d_modified_rate,3.7514,32.87
simulated_0d_modified_rate,3.7803,29.19
simulated_0d_modified_rate,3.8092,26.58
simulated_0d_modified_rate,3.8382,25.87
simulated_0d_modified_rate,3.8671,22.43
simulated_0d_modified_rate,3.9346,19.58
simulated_0d_modified_rate,3.9924,16.85
simulated_0d_modified_rate,3.9924,16.85
simulated_0d_modified_rate,4.0792,14.00
simulated_0d_modified_rate,4.0792,14.00
simulated_0d_modified_rate,4.1756,12.58
simulated_0d_modified_rate,4.2045,11.75
simulated_0d_modified_rate,4.2912,10.21
simulated_0d_modified_rate,4.2912,10.21
simulated_0d_modified_rate,4.4166,8.78
simulated_0d_modified_rate,4.4166,8.78
simulated_0d_modified_rate,4.5468,8.07
simulated_0d_modified_rate,4.7010,7.36
simulated_0d_modified_rate,4.8023,4.99
simulated_0d_modified_rate,4.8023,4.99
simulated_0d_modified_rate,4.8601,2.85
simulated_0d_modified_rate,4.8938,2.14
simulated_0d_modified_rate,5.0288,2.14
simulated_0d_modified_rate,5.1976,2.14
simulated_0d_modified_rate,5.2265,1.43
simulated_0d_modified_rate,5.3615,1.43
simulated_0d_modified_rate,5.5398,1.43
