kind,size_in,label,nodes,tetrahedra,iterations,solve_seconds,initial_area_in2,peak_area_in2,web_at_peak_in,web_burnout_in,burned_volume_in3,volume_error_pct,area_rms_vs_ref_pct,area_max_vs_ref_pct,peak_pressure_psi,burn_time_s,total_impulse_lbf_s,size_coarse_in
raw,0.4,h = 0.4,6292,23934,461,0.231065,1202.27,1501.28,1.13289,3.12522,3843.5,3.07729,4.01289,8.09444,931.29,10.244,63392.3,
raw,0.3,h = 0.3,12824,53564,587,0.835219,1205.24,1517.03,1.10521,3.09149,3811.87,2.22903,3.13018,7.52579,946.126,10.138,62884.9,
raw,0.2,h = 0.2,36301,168421,716,3.70769,1206.85,1534.79,1.06298,3.05893,3784.92,1.50616,2.14684,6.49498,962.259,10.032,62463.3,
raw,0.15,h = 0.15,77968,386245,830,10.2028,1207.28,1543.47,1.05013,3.04385,3770.34,1.11504,1.65854,5.83744,970.714,9.98,62232,
raw,0.1,h = 0.1,236072,1254284,1100,113.325,1207.62,1552.21,1.02972,3.0286,3755.28,0.711352,1.16678,4.78022,978.583,9.926,61992.3,
raw,0.075,h = 0.075,531676,2938977,1499,443.948,1207.76,1556.27,1.01966,3.02121,3747.36,0.498927,0.887377,4.07415,982.486,9.902,61864,
raw,0.05,h = 0.05,1697933,9763618,2005,1701.01,1207.84,1560.68,1.00969,3.01399,3739.85,0.297482,0.617078,3.55682,987.27,9.876,61743.1,
extrapolated,0.3,0.4 / 0.3,,,,,1205.24,1580.91,1.03847,2.9992,3729.67,0.024484,1.1451,8.73246,1007.7,9.802,61596.4,0.4
extrapolated,0.2,0.3 / 0.2,,,,,1206.85,1580.64,1.02244,2.99615,3727.61,-0.0309397,0.935249,6.79665,1005.82,9.816,61527.7,0.3
extrapolated,0.15,0.2 / 0.15,,,,,1207.28,1579.77,1.01578,2.9986,3729.18,0.0112522,0.516277,4.77644,1003.52,9.816,61568.3,0.2
extrapolated,0.1,0.15 / 0.1,,,,,1207.62,1575.45,1.00812,2.99811,3728.95,0.00514014,0.380852,2.56824,1000.96,9.812,61566.1,0.15
extrapolated,0.075,0.1 / 0.075,,,,,1207.76,1575.98,1.00092,2.99903,3728.86,0.0027396,0.29704,1.08773,1000.53,9.818,61561.4,0.1
extrapolated,0.05,0.075 / 0.05,,,,,1207.84,1574.22,1.0011,2.99956,3728.81,0.00132621,0.265604,0.765602,1000,9.82,61558.7,0.075
reference-fmm,0.1,fmm dx = 0.1,,,,,1200.02,1561.27,0.980975,3.00299,3715.43,-0.357591,0.330129,1.93364,987.263,9.866,61303,
reference-fmm,0.07,fmm dx = 0.07,,,,,1201.37,1561.84,1.00139,3.00417,3718.56,-0.273636,0.192033,0.53345,988.467,9.856,61366.9,
reference-fmm,0.05,fmm dx = 0.05,,,,,1204.76,1563.5,0.981334,3.00408,3718.09,-0.286004,0.088499,0.369775,991.53,9.846,61365.4,
reference-fmm,0.035,fmm dx = 0.035,,,,,1205.46,1568.32,1.00049,3.00148,3721.15,-0.204098,0,0,994.533,9.846,61422.2,
reference-exact,0.035,exact dx = 0.035,,,,,1205.69,1570.6,0.99983,2.99949,3724.22,-0.121821,0.0534198,0.204406,996.128,9.844,61478.6,
