size_in,cfl,diffusive_weight,tolerance,status,iterations,initial_area_in2,peak_area_in2,web_at_peak_in,web_burnout_in,burned_volume_in3,volume_error_pct,area_rms_vs_ref_pct,area_max_vs_ref_pct,peak_pressure_psi,burn_time_s,total_impulse_lbf_s,size_coarse_in
0.2,1,1,0.0001,converged,716,1206.85,1534.79,1.06298,3.05893,3784.92,1.50616,2.14684,6.49498,962.259,10.032,62463.3,
0.2,0.5,1,0.0001,converged,1414,1206.85,1534.79,1.06298,3.05892,3784.92,1.50607,2.14685,6.49512,962.259,10.032,62463.3,
0.2,2,1,0.0001,converged,365,1206.85,1534.79,1.06298,3.05893,3784.92,1.50618,2.14684,6.49495,962.259,10.032,62463.3,
0.2,1,1,1e-06,converged,899,1206.85,1534.79,1.06298,3.05892,3784.91,1.50602,2.14685,6.4952,962.259,10.032,62463.2,
0.2,0.5,0.75,0.0001,converged,1573,1206.85,1551.27,1.05106,3.04655,3791.13,1.67259,2.1279,6.75437,977.909,9.964,62622.8,
0.2,1,2,0.0001,converged,841,1206.85,1488.21,1.12081,3.11337,3805.43,2.0562,3.48642,8.73555,918.598,10.27,62679.4,
0.2,0.5,0.5,0.0001,diverged,,,,,,,,,,,,,
0.15,0.5,0.75,0.0001,extrapolated pair,,1207.28,1583.44,1.00704,2.9949,3729.18,0.0112522,0.516729,2.84078,1006.68,9.798,61580,0.2
0.15,0.5,1,0.0001,extrapolated pair,,1207.28,1579.77,1.01578,2.9986,3729.18,0.0112522,0.516216,4.77686,1003.51,9.816,61568.3,0.2
0.15,0.5,2,0.0001,extrapolated pair,,1207.28,1570.56,1.03786,2.99743,3729.18,0.0112522,1.2239,7.41145,997.181,9.808,61577.7,0.2
